t,power,slowness,back_azi
2020-01-01T01:30:46.005000Z,3438595.9777235063,0.32,258.0
2020-01-01T01:30:46.015000Z,4214554.747461203,0.36,258.0
2020-01-01T01:30:46.025000Z,4480815.4025203,0.36,258.0
2020-01-01T01:30:46.035000Z,4685789.102858044,0.4,258.0
2020-01-01T01:30:46.045000Z,4624035.168206053,0.36,258.0
2020-01-01T01:30:46.055000Z,4662343.044065632,0.36,255.0
2020-01-01T01:30:46.065000Z,4639057.7787638055,0.36,255.0
2020-01-01T01:30:46.075000Z,4779110.499168958,0.4,255.0
2020-01-01T01:30:46.085000Z,5301131.198143698,0.4,255.0
2020-01-01T01:30:46.095000Z,5468001.498090127,0.4,255.0
2020-01-01T01:30:46.105000Z,5838975.066630065,0.4,255.0
2020-01-01T01:30:46.115000Z,5658987.875727487,0.36,255.0
2020-01-01T01:30:46.125000Z,5909524.929856824,0.36,255.0
2020-01-01T01:30:46.135000Z,6052532.052184686,0.36,255.0
2020-01-01T01:30:46.145000Z,5978782.177828296,0.36,255.0
2020-01-01T01:30:46.155000Z,5877072.603910433,0.36,252.0
2020-01-01T01:30:46.165000Z,5806414.886869811,0.4,255.0
2020-01-01T01:30:46.175000Z,5457990.87148369,0.4,255.0
2020-01-01T01:30:46.185000Z,4357333.541937376,0.36,252.0
2020-01-01T01:30:46.195000Z,3340862.7049784428,0.16,144.0
2020-01-01T01:30:46.205000Z,3725483.0180786527,0.16,147.0
2020-01-01T01:30:46.215000Z,3590029.299707933,0.2,150.0
2020-01-01T01:30:46.225000Z,3462327.6442855946,0.2,153.0
2020-01-01T01:30:46.235000Z,2934274.2859091056,0.2,153.0
2020-01-01T01:30:46.245000Z,2687509.0652127974,0.2,156.0
2020-01-01T01:30:46.255000Z,2673776.272969052,0.2,153.0
2020-01-01T01:30:46.265000Z,3392059.886773907,0.2,153.0
2020-01-01T01:30:46.275000Z,4416929.750453626,0.2,153.0
2020-01-01T01:30:46.285000Z,4408841.487990601,0.2,150.0
2020-01-01T01:30:46.295000Z,4370561.932098117,0.2,150.0
2020-01-01T01:30:46.305000Z,4399627.090911761,0.2,150.0
2020-01-01T01:30:46.315000Z,4354135.310630141,0.2,153.0
2020-01-01T01:30:46.325000Z,4373882.182580581,0.2,150.0
2020-01-01T01:30:46.335000Z,4548088.465226523,0.2,150.0
2020-01-01T01:30:46.345000Z,4380713.635713427,0.12,219.0
2020-01-01T01:30:46.355000Z,4345569.201217032,0.12,222.0
2020-01-01T01:30:46.365000Z,4474976.252460456,0.16,231.0
2020-01-01T01:30:46.375000Z,4387572.498460846,0.16,237.0
2020-01-01T01:30:46.385000Z,4061977.4765091073,0.16,234.0
2020-01-01T01:30:46.395000Z,4222531.40402704,0.16,234.0
2020-01-01T01:30:46.405000Z,4224978.579819252,0.16,231.0
2020-01-01T01:30:46.415000Z,4516863.647732444,0.16,231.0
2020-01-01T01:30:46.425000Z,4556677.729667832,0.16,234.0
2020-01-01T01:30:46.435000Z,4377289.405297295,0.16,234.0
2020-01-01T01:30:46.445000Z,4587980.893457216,0.16,234.0
2020-01-01T01:30:46.455000Z,4549899.041427878,0.16,237.0
2020-01-01T01:30:46.465000Z,4240751.844950144,0.12,240.0
2020-01-01T01:30:46.475000Z,3947993.842651179,0.12,237.0
2020-01-01T01:30:46.485000Z,3768221.6326423394,0.12,237.0
2020-01-01T01:30:46.495000Z,3539502.288381857,0.12,243.0
2020-01-01T01:30:46.505000Z,1875734.762985795,0.08,243.0
2020-01-01T01:30:46.515000Z,1234789.0274231173,0.08,246.0
2020-01-01T01:30:46.525000Z,1155834.5518413032,0.16,147.0
2020-01-01T01:30:46.535000Z,883491.4035907665,0.16,147.0
2020-01-01T01:30:46.545000Z,886622.9411234875,0.44,252.0
2020-01-01T01:30:46.555000Z,743811.1361245767,0.2,270.0
2020-01-01T01:30:46.565000Z,854237.470396338,0.44,51.0
2020-01-01T01:30:46.575000Z,666247.5150172374,0.4,180.0
2020-01-01T01:30:46.585000Z,712207.9304005513,0.4,180.0
2020-01-01T01:30:46.595000Z,811156.9099258123,0.4,180.0
2020-01-01T01:30:46.605000Z,995360.786741556,0.4,180.0
2020-01-01T01:30:46.615000Z,952561.6987234964,0.4,180.0
2020-01-01T01:30:46.625000Z,873005.6294628229,0.44,177.0
2020-01-01T01:30:46.635000Z,839441.5002015461,0.44,177.0
2020-01-01T01:30:46.645000Z,833626.5567515404,0.44,177.0
2020-01-01T01:30:46.655000Z,730308.5155611627,0.76,15.0
2020-01-01T01:30:46.665000Z,780384.0930183581,0.48,312.0
2020-01-01T01:30:46.675000Z,689066.3775289844,0.96,114.0
2020-01-01T01:30:46.685000Z,675078.875582598,0.88,312.0
2020-01-01T01:30:46.695000Z,652292.453583885,0.96,114.0
2020-01-01T01:30:46.705000Z,748410.122762715,0.32,243.0
2020-01-01T01:30:46.715000Z,804484.4925823922,0.32,243.0
2020-01-01T01:30:46.725000Z,808271.1780704081,0.32,243.0
2020-01-01T01:30:46.735000Z,728036.14408036,0.16,81.0
2020-01-01T01:30:46.745000Z,862118.1888315359,0.16,81.0
2020-01-01T01:30:46.755000Z,856049.1944349803,0.16,84.0
2020-01-01T01:30:46.765000Z,942740.2378761448,0.16,78.0
2020-01-01T01:30:46.775000Z,1111395.4888463423,0.16,69.0
2020-01-01T01:30:46.785000Z,1086756.19097904,0.6,306.0
2020-01-01T01:30:46.795000Z,1155742.4162577274,0.6,306.0
2020-01-01T01:30:46.805000Z,1085562.999352425,0.6,306.0
2020-01-01T01:30:46.815000Z,1090438.9793138495,0.2,78.0
2020-01-01T01:30:46.825000Z,975055.9652359686,0.16,69.0
2020-01-01T01:30:46.835000Z,833514.8531755282,0.16,72.0
2020-01-01T01:30:46.845000Z,740444.0366283179,0.16,72.0
2020-01-01T01:30:46.855000Z,776589.4113408807,0.6,309.0
2020-01-01T01:30:46.865000Z,739553.5885914546,0.2,72.0
2020-01-01T01:30:46.875000Z,901484.2778384794,0.16,75.0
2020-01-01T01:30:46.885000Z,1334178.009262504,0.04,99.0
2020-01-01T01:30:46.895000Z,1526943.1172525028,0.08,78.0
2020-01-01T01:30:46.905000Z,1690194.5926698903,0.08,87.0
2020-01-01T01:30:46.915000Z,1700973.563565769,0.08,60.0
2020-01-01T01:30:46.925000Z,1759987.0551870854,0.08,66.0
2020-01-01T01:30:46.935000Z,1688396.7138070066,0.08,63.0
2020-01-01T01:30:46.945000Z,1373110.0581041486,0.08,66.0
2020-01-01T01:30:46.955000Z,1257618.8961298182,0.48,159.0
2020-01-01T01:30:46.965000Z,1956032.1307526806,0.48,159.0
2020-01-01T01:30:46.975000Z,2484968.297046003,0.44,156.0
2020-01-01T01:30:46.985000Z,2900091.975547535,0.44,156.0
2020-01-01T01:30:46.995000Z,3118319.1056982027,0.48,159.0
2020-01-01T01:30:47.005000Z,3320825.0737192854,0.44,159.0
2020-01-01T01:30:47.015000Z,3513203.813257808,0.44,156.0
2020-01-01T01:30:47.025000Z,3316364.28538748,0.44,159.0
2020-01-01T01:30:47.035000Z,3176933.287717559,0.44,156.0
2020-01-01T01:30:47.045000Z,3278211.536970391,0.4,156.0
2020-01-01T01:30:47.055000Z,2962815.3356197937,0.44,159.0
2020-01-01T01:30:47.065000Z,3247132.685013963,0.44,162.0
2020-01-01T01:30:47.075000Z,3365936.1755862636,0.4,162.0
2020-01-01T01:30:47.085000Z,3863466.614416532,0.4,162.0
2020-01-01T01:30:47.095000Z,4164251.908731935,0.4,159.0
2020-01-01T01:30:47.105000Z,4220801.245396566,0.4,159.0
2020-01-01T01:30:47.115000Z,4062949.14232237,0.4,159.0
2020-01-01T01:30:47.125000Z,4163039.46559291,0.4,156.0
2020-01-01T01:30:47.135000Z,4135702.718719511,0.4,156.0
2020-01-01T01:30:47.145000Z,3914991.0596392374,0.4,153.0
2020-01-01T01:30:47.155000Z,3177699.6888893503,0.4,153.0
2020-01-01T01:30:47.165000Z,2335077.5686704013,0.4,153.0
2020-01-01T01:30:47.175000Z,1824066.8974451416,0.4,150.0
2020-01-01T01:30:47.185000Z,1288955.494641195,0.44,180.0
2020-01-01T01:30:47.195000Z,1227466.1350195694,0.44,183.0
2020-01-01T01:30:47.205000Z,882446.3640438875,0.44,186.0
2020-01-01T01:30:47.215000Z,870729.7143603088,0.36,159.0
2020-01-01T01:30:47.225000Z,940517.65635216,0.24,135.0
2020-01-01T01:30:47.235000Z,752812.8459304677,0.24,135.0
2020-01-01T01:30:47.245000Z,877010.8101959077,0.24,138.0
2020-01-01T01:30:47.255000Z,918060.5718477735,0.24,138.0
2020-01-01T01:30:47.265000Z,927504.9198974967,0.24,147.0
2020-01-01T01:30:47.275000Z,857876.2641917465,0.24,144.0
2020-01-01T01:30:47.285000Z,809518.5067150167,0.48,228.0
2020-01-01T01:30:47.295000Z,728812.8597447447,0.48,228.0
2020-01-01T01:30:47.305000Z,690984.586624667,0.44,225.0
2020-01-01T01:30:47.315000Z,610727.6251046831,0.36,9.0
2020-01-01T01:30:47.325000Z,676636.744036111,0.36,9.0
2020-01-01T01:30:47.335000Z,580906.4614340304,1.0,321.0
2020-01-01T01:30:47.345000Z,920573.4170779993,0.2,309.0
2020-01-01T01:30:47.355000Z,977285.0436945229,0.2,309.0
2020-01-01T01:30:47.365000Z,944987.091392141,0.2,309.0
2020-01-01T01:30:47.375000Z,1009001.722078547,0.24,309.0
2020-01-01T01:30:47.385000Z,1090302.9896522432,0.32,291.0
2020-01-01T01:30:47.395000Z,1079353.15980678,0.28,291.0
2020-01-01T01:30:47.405000Z,1136379.9083485184,0.08,144.0
2020-01-01T01:30:47.415000Z,1214599.5768019313,0.08,141.0
2020-01-01T01:30:47.425000Z,903121.0204726784,0.16,201.0
2020-01-01T01:30:47.435000Z,908216.685275579,0.16,198.0
2020-01-01T01:30:47.445000Z,845942.4809457789,0.08,129.0
2020-01-01T01:30:47.455000Z,812009.186819545,0.08,126.0
2020-01-01T01:30:47.465000Z,1154744.9805058765,0.32,69.0
2020-01-01T01:30:47.475000Z,1233877.9410614118,0.32,69.0
2020-01-01T01:30:47.485000Z,1539276.0925543543,0.32,69.0
2020-01-01T01:30:47.495000Z,1741920.9384513027,0.32,69.0
2020-01-01T01:30:47.505000Z,1815907.1461043514,0.32,69.0
2020-01-01T01:30:47.515000Z,1808066.0862111214,0.32,69.0
2020-01-01T01:30:47.525000Z,1900013.5179096002,0.32,69.0
2020-01-01T01:30:47.535000Z,2104538.2679762607,0.12,186.0
2020-01-01T01:30:47.545000Z,2456963.0737861805,0.16,183.0
2020-01-01T01:30:47.555000Z,2538647.5266178777,0.16,183.0
2020-01-01T01:30:47.565000Z,2205753.470183387,0.16,180.0
2020-01-01T01:30:47.575000Z,2153539.7411793205,0.16,180.0
2020-01-01T01:30:47.585000Z,2018275.6841134492,0.16,180.0
2020-01-01T01:30:47.595000Z,2234086.847973921,0.16,177.0
2020-01-01T01:30:47.605000Z,2509074.4283978534,0.16,177.0
2020-01-01T01:30:47.615000Z,2665111.4212386077,0.12,174.0
2020-01-01T01:30:47.625000Z,2577254.8856960875,0.12,174.0
2020-01-01T01:30:47.635000Z,2611299.017305616,0.12,174.0
2020-01-01T01:30:47.645000Z,2690396.4983072127,0.12,174.0
2020-01-01T01:30:47.655000Z,2729539.527708526,0.12,171.0
2020-01-01T01:30:47.665000Z,2819058.0252673663,0.12,168.0
2020-01-01T01:30:47.675000Z,2622707.7869601976,0.12,168.0
2020-01-01T01:30:47.685000Z,2623182.0604398553,0.12,165.0
2020-01-01T01:30:47.695000Z,2608280.126964889,0.12,165.0
2020-01-01T01:30:47.705000Z,2681666.1671971446,0.12,162.0
2020-01-01T01:30:47.715000Z,2654328.963199792,0.12,162.0
2020-01-01T01:30:47.725000Z,2293175.9013330922,0.12,150.0
2020-01-01T01:30:47.735000Z,1623217.5374824246,0.12,135.0
2020-01-01T01:30:47.745000Z,1449954.45277134,0.08,129.0
2020-01-01T01:30:47.755000Z,1569658.48330271,0.08,132.0
2020-01-01T01:30:47.765000Z,1343191.594488394,0.08,132.0
2020-01-01T01:30:47.775000Z,1365729.395261088,0.08,129.0
2020-01-01T01:30:47.785000Z,2285859.66578414,0.12,120.0
2020-01-01T01:30:47.795000Z,3037578.585429051,0.12,114.0
2020-01-01T01:30:47.805000Z,3173330.6616228903,0.12,114.0
2020-01-01T01:30:47.815000Z,3060519.687685548,0.12,114.0
2020-01-01T01:30:47.825000Z,2888432.331826892,0.12,114.0
2020-01-01T01:30:47.835000Z,3040919.1818659916,0.12,114.0
2020-01-01T01:30:47.845000Z,2970469.26993027,0.12,114.0
2020-01-01T01:30:47.855000Z,3108917.808529475,0.12,114.0
2020-01-01T01:30:47.865000Z,3081901.440055038,0.12,114.0
2020-01-01T01:30:47.875000Z,3124423.381982476,0.12,114.0
2020-01-01T01:30:47.885000Z,3223452.4235318573,0.12,114.0
2020-01-01T01:30:47.895000Z,3315403.7549742507,0.12,114.0
2020-01-01T01:30:47.905000Z,3181066.1171377585,0.12,114.0
2020-01-01T01:30:47.915000Z,3387312.0579245947,0.12,114.0
2020-01-01T01:30:47.925000Z,3113859.593270181,0.12,117.0
2020-01-01T01:30:47.935000Z,2258265.640688463,0.12,120.0
2020-01-01T01:30:47.945000Z,1983197.5215668133,0.12,123.0
2020-01-01T01:30:47.955000Z,1900977.2109557327,0.12,120.0
2020-01-01T01:30:47.965000Z,2040467.544030045,0.12,117.0
2020-01-01T01:30:47.975000Z,1876260.850697818,0.12,114.0
2020-01-01T01:30:47.985000Z,1041920.7160933514,0.08,117.0
2020-01-01T01:30:47.995000Z,808078.9107624984,0.32,156.0
2020-01-01T01:30:48.005000Z,726784.1714056778,0.12,117.0
2020-01-01T01:30:48.015000Z,653652.5801280753,0.32,159.0
2020-01-01T01:30:48.025000Z,882404.5938283222,0.16,195.0
2020-01-01T01:30:48.035000Z,1148245.2085587666,0.2,192.0
2020-01-01T01:30:48.045000Z,1021740.4339294158,0.2,192.0
2020-01-01T01:30:48.055000Z,987268.5727429012,0.2,192.0
2020-01-01T01:30:48.065000Z,958865.4612693377,0.2,192.0
2020-01-01T01:30:48.075000Z,1013306.2694555293,0.2,189.0
2020-01-01T01:30:48.085000Z,973072.7351713822,0.16,189.0
2020-01-01T01:30:48.095000Z,1021535.8953116562,0.16,186.0
2020-01-01T01:30:48.105000Z,1070489.6835261849,0.32,255.0
2020-01-01T01:30:48.115000Z,1236965.4277027922,0.32,255.0
2020-01-01T01:30:48.125000Z,1190188.0803970927,0.32,255.0
2020-01-01T01:30:48.135000Z,1056342.6458001102,0.32,252.0
2020-01-01T01:30:48.145000Z,994606.8622121951,0.32,252.0
2020-01-01T01:30:48.155000Z,1093584.803462603,0.64,0.0
2020-01-01T01:30:48.165000Z,1050008.3042573105,0.32,246.0
2020-01-01T01:30:48.175000Z,1071778.6436296697,0.32,246.0
2020-01-01T01:30:48.185000Z,1227517.2199444037,0.68,120.0
2020-01-01T01:30:48.195000Z,1513200.89165191,0.24,213.0
2020-01-01T01:30:48.205000Z,1651734.9049451773,0.24,213.0
2020-01-01T01:30:48.215000Z,1664108.0447154643,0.24,216.0
2020-01-01T01:30:48.225000Z,1724820.6374631186,0.44,288.0
2020-01-01T01:30:48.235000Z,3473238.936904223,0.28,177.0
2020-01-01T01:30:48.245000Z,6198114.7245124625,0.32,174.0
2020-01-01T01:30:48.255000Z,6805931.615689335,0.32,177.0
2020-01-01T01:30:48.265000Z,7357923.425494006,0.32,177.0
2020-01-01T01:30:48.275000Z,7442255.938034886,0.32,177.0
2020-01-01T01:30:48.285000Z,8003422.631814461,0.32,177.0
2020-01-01T01:30:48.295000Z,8043650.399587039,0.32,177.0
2020-01-01T01:30:48.305000Z,7596952.292715179,0.32,177.0
2020-01-01T01:30:48.315000Z,7982800.877479762,0.32,177.0
2020-01-01T01:30:48.325000Z,8673685.999999164,0.32,177.0
2020-01-01T01:30:48.335000Z,8647560.18449716,0.32,177.0
2020-01-01T01:30:48.345000Z,8794788.652000973,0.32,177.0
2020-01-01T01:30:48.355000Z,8925365.4552194,0.32,177.0
2020-01-01T01:30:48.365000Z,8762581.341361396,0.32,177.0
2020-01-01T01:30:48.375000Z,8339900.238245581,0.32,177.0
2020-01-01T01:30:48.385000Z,8343324.822364042,0.32,177.0
2020-01-01T01:30:48.395000Z,8625109.950245101,0.32,177.0
2020-01-01T01:30:48.405000Z,8529562.442850336,0.32,177.0
2020-01-01T01:30:48.415000Z,7753231.940664771,0.32,177.0
2020-01-01T01:30:48.425000Z,5872910.825713037,0.32,177.0
2020-01-01T01:30:48.435000Z,4694924.979396759,0.24,246.0
2020-01-01T01:30:48.445000Z,3587948.697272079,0.24,249.0
2020-01-01T01:30:48.455000Z,2946600.3411718635,0.28,201.0
2020-01-01T01:30:48.465000Z,2498512.2453654786,0.28,201.0
2020-01-01T01:30:48.475000Z,1767064.368067388,0.28,201.0
2020-01-01T01:30:48.485000Z,1198639.401639703,0.56,207.0
2020-01-01T01:30:48.495000Z,969299.5537359156,0.56,210.0
2020-01-01T01:30:48.505000Z,974334.9668089047,0.52,177.0
2020-01-01T01:30:48.515000Z,1026284.8202275833,0.08,105.0
2020-01-01T01:30:48.525000Z,1019911.9069030876,0.08,105.0
2020-01-01T01:30:48.535000Z,901210.112782739,0.56,180.0
2020-01-01T01:30:48.545000Z,883398.7539949574,0.56,180.0
2020-01-01T01:30:48.555000Z,768381.0644017468,0.56,180.0
2020-01-01T01:30:48.565000Z,775279.8212392825,0.08,90.0
2020-01-01T01:30:48.575000Z,804100.5897624592,0.4,228.0
2020-01-01T01:30:48.585000Z,936997.1513212506,0.4,228.0
2020-01-01T01:30:48.595000Z,909861.292510526,0.4,228.0
2020-01-01T01:30:48.605000Z,696474.3956580674,0.4,228.0
2020-01-01T01:30:48.615000Z,684757.0268734378,0.6,186.0
2020-01-01T01:30:48.625000Z,563084.1941727579,1.0,180.0
2020-01-01T01:30:48.635000Z,635598.1848501101,0.4,231.0
2020-01-01T01:30:48.645000Z,792605.8924409287,0.48,183.0
2020-01-01T01:30:48.655000Z,944750.8142611572,0.48,183.0
2020-01-01T01:30:48.665000Z,989048.8296257334,0.48,183.0
2020-01-01T01:30:48.675000Z,1136763.2095616062,0.48,183.0
2020-01-01T01:30:48.685000Z,1048648.4865017508,0.48,183.0
2020-01-01T01:30:48.695000Z,831764.1409230595,0.48,183.0
2020-01-01T01:30:48.705000Z,772018.9536119472,0.4,228.0
2020-01-01T01:30:48.715000Z,730497.7321955159,0.32,99.0
2020-01-01T01:30:48.725000Z,769492.4066623991,0.48,30.0
2020-01-01T01:30:48.735000Z,732204.1881353562,0.32,99.0
2020-01-01T01:30:48.745000Z,863291.1820707422,0.32,99.0
2020-01-01T01:30:48.755000Z,939266.6694671736,0.32,99.0
2020-01-01T01:30:48.765000Z,768465.4544114692,0.32,96.0
2020-01-01T01:30:48.775000Z,787025.048784605,0.32,96.0
2020-01-01T01:30:48.785000Z,1041383.7237198709,0.36,75.0
2020-01-01T01:30:48.795000Z,1080047.9757003903,0.36,75.0
2020-01-01T01:30:48.805000Z,1009909.1544201797,0.36,75.0
2020-01-01T01:30:48.815000Z,955724.4654536701,0.68,84.0
2020-01-01T01:30:48.825000Z,905420.9837472646,0.68,84.0
2020-01-01T01:30:48.835000Z,970207.7670790849,0.48,69.0
2020-01-01T01:30:48.845000Z,926436.395203653,0.44,69.0
2020-01-01T01:30:48.855000Z,767979.8260791758,0.52,33.0
2020-01-01T01:30:48.865000Z,590553.5892179318,0.48,69.0
2020-01-01T01:30:48.875000Z,610646.3356959102,0.2,111.0
2020-01-01T01:30:48.885000Z,718332.5432180235,0.2,108.0
2020-01-01T01:30:48.895000Z,644075.3196435438,0.2,108.0
2020-01-01T01:30:48.905000Z,782588.3632855315,0.2,180.0
2020-01-01T01:30:48.915000Z,1023339.0824858054,0.2,180.0
2020-01-01T01:30:48.925000Z,2333089.8161116466,0.36,294.0
2020-01-01T01:30:48.935000Z,9483316.14312172,0.36,297.0
2020-01-01T01:30:48.945000Z,12873814.750464896,0.36,297.0
2020-01-01T01:30:48.955000Z,13423862.987662857,0.36,297.0
2020-01-01T01:30:48.965000Z,13625713.42234998,0.36,297.0
2020-01-01T01:30:48.975000Z,13543536.564399168,0.36,297.0
2020-01-01T01:30:48.985000Z,13458614.447617583,0.36,297.0
2020-01-01T01:30:48.995000Z,14390116.169457817,0.36,297.0
2020-01-01T01:30:49.005000Z,14686639.959996272,0.36,297.0
2020-01-01T01:30:49.015000Z,14696320.568403,0.36,297.0
2020-01-01T01:30:49.025000Z,14519575.854831273,0.36,297.0
2020-01-01T01:30:49.035000Z,14590761.157681279,0.36,297.0
2020-01-01T01:30:49.045000Z,14954962.021678688,0.36,297.0
2020-01-01T01:30:49.055000Z,14559436.313724365,0.36,297.0
2020-01-01T01:30:49.065000Z,14439304.34215743,0.36,297.0
2020-01-01T01:30:49.075000Z,14262817.195681062,0.36,297.0
2020-01-01T01:30:49.085000Z,14358942.01828244,0.36,297.0
2020-01-01T01:30:49.095000Z,14160405.87167694,0.36,297.0
2020-01-01T01:30:49.105000Z,13526316.867626667,0.36,297.0
2020-01-01T01:30:49.115000Z,10434765.238535145,0.32,297.0
2020-01-01T01:30:49.125000Z,9159427.9036221,0.16,255.0
2020-01-01T01:30:49.135000Z,8486428.905987883,0.16,252.0
2020-01-01T01:30:49.145000Z,7738158.815763847,0.16,249.0
2020-01-01T01:30:49.155000Z,7806732.557427039,0.16,249.0
2020-01-01T01:30:49.165000Z,8221351.5189945055,0.16,252.0
2020-01-01T01:30:49.175000Z,8851650.098763395,0.16,252.0
2020-01-01T01:30:49.185000Z,8618946.752280844,0.16,252.0
2020-01-01T01:30:49.195000Z,8455022.959638199,0.16,252.0
2020-01-01T01:30:49.205000Z,8520439.987886248,0.16,252.0
2020-01-01T01:30:49.215000Z,7884778.475977772,0.16,255.0
2020-01-01T01:30:49.225000Z,5581740.165426614,0.16,258.0
2020-01-01T01:30:49.235000Z,5107486.698437632,0.16,258.0
2020-01-01T01:30:49.245000Z,2584880.6140190586,0.12,261.0
2020-01-01T01:30:49.255000Z,803280.5079319451,0.04,48.0
2020-01-01T01:30:49.265000Z,758309.0964971848,0.12,132.0
2020-01-01T01:30:49.275000Z,775368.9820197247,0.48,279.0
2020-01-01T01:30:49.285000Z,889013.9788913709,0.48,279.0
2020-01-01T01:30:49.295000Z,1256182.2621890847,0.24,81.0
2020-01-01T01:30:49.305000Z,6111076.800785408,0.2,246.0
2020-01-01T01:30:49.315000Z,33331730.767686024,0.24,246.0
2020-01-01T01:30:49.325000Z,61102346.65468356,0.24,243.0
2020-01-01T01:30:49.335000Z,79312001.90261203,0.24,246.0
2020-01-01T01:30:49.345000Z,90262948.04030466,0.24,246.0
2020-01-01T01:30:49.355000Z,93753598.99808465,0.24,246.0
2020-01-01T01:30:49.365000Z,97695587.70929597,0.24,246.0
2020-01-01T01:30:49.375000Z,102228405.93111068,0.24,243.0
2020-01-01T01:30:49.385000Z,106519015.14453149,0.24,243.0
2020-01-01T01:30:49.395000Z,108429936.33532514,0.24,246.0
2020-01-01T01:30:49.405000Z,110427589.95457347,0.24,246.0
2020-01-01T01:30:49.415000Z,112686352.84242901,0.24,246.0
2020-01-01T01:30:49.425000Z,114403816.7714115,0.24,246.0
2020-01-01T01:30:49.435000Z,116874757.0819577,0.24,243.0
2020-01-01T01:30:49.445000Z,117640518.14166844,0.24,246.0
2020-01-01T01:30:49.455000Z,120294840.4719505,0.24,246.0
2020-01-01T01:30:49.465000Z,120644035.80438921,0.24,246.0
2020-01-01T01:30:49.475000Z,120390602.46726735,0.24,246.0
2020-01-01T01:30:49.485000Z,121036039.96588339,0.24,246.0
2020-01-01T01:30:49.495000Z,119770765.92175183,0.24,243.0
2020-01-01T01:30:49.505000Z,100776485.89855161,0.2,246.0
2020-01-01T01:30:49.515000Z,60855973.60438424,0.2,246.0
2020-01-01T01:30:49.525000Z,37806112.70842738,0.16,240.0
2020-01-01T01:30:49.535000Z,18030657.417116135,0.16,240.0
2020-01-01T01:30:49.545000Z,11240803.08689774,0.2,234.0
2020-01-01T01:30:49.555000Z,9087696.97543378,0.12,246.0
2020-01-01T01:30:49.565000Z,6220343.093454108,0.12,243.0
2020-01-01T01:30:49.575000Z,2986287.3351447987,0.2,222.0
2020-01-01T01:30:49.585000Z,1913454.2500677626,0.2,222.0
2020-01-01T01:30:49.595000Z,1378635.886465751,0.12,249.0
2020-01-01T01:30:49.605000Z,1303424.5155407959,0.12,252.0
2020-01-01T01:30:49.615000Z,1561910.0582489097,0.24,189.0
2020-01-01T01:30:49.625000Z,1645520.7205590429,0.28,198.0
2020-01-01T01:30:49.635000Z,1517354.2555789321,0.28,198.0
2020-01-01T01:30:49.645000Z,1517400.0088723577,0.24,186.0
2020-01-01T01:30:49.655000Z,1494173.4412367987,0.24,189.0
2020-01-01T01:30:49.665000Z,1667177.7118557252,0.24,186.0
2020-01-01T01:30:49.675000Z,1781294.0496503678,0.28,177.0
2020-01-01T01:30:49.685000Z,2677558.914840794,0.32,162.0
2020-01-01T01:30:49.695000Z,4304936.379947792,0.32,162.0
2020-01-01T01:30:49.705000Z,4643939.331002494,0.36,162.0
2020-01-01T01:30:49.715000Z,4792976.187280167,0.36,162.0
2020-01-01T01:30:49.725000Z,5038323.333610713,0.36,162.0
2020-01-01T01:30:49.735000Z,5105751.268186699,0.36,162.0
2020-01-01T01:30:49.745000Z,5015583.146572133,0.36,162.0
2020-01-01T01:30:49.755000Z,5166842.0331905205,0.36,162.0
2020-01-01T01:30:49.765000Z,5244228.034213477,0.36,162.0
2020-01-01T01:30:49.775000Z,5485029.721538994,0.36,159.0
2020-01-01T01:30:49.785000Z,5857823.94629632,0.36,159.0
2020-01-01T01:30:49.795000Z,6848055.405549162,0.36,159.0
2020-01-01T01:30:49.805000Z,7638390.071581211,0.32,159.0
2020-01-01T01:30:49.815000Z,9042241.715479486,0.32,159.0
2020-01-01T01:30:49.825000Z,10932798.49328545,0.32,162.0
2020-01-01T01:30:49.835000Z,11900855.527156452,0.36,159.0
2020-01-01T01:30:49.845000Z,12085061.117090205,0.36,159.0
2020-01-01T01:30:49.855000Z,11852892.39529501,0.36,159.0
2020-01-01T01:30:49.865000Z,11050051.017574418,0.36,159.0
2020-01-01T01:30:49.875000Z,9686593.425708104,0.32,159.0
2020-01-01T01:30:49.885000Z,7153942.502328923,0.32,159.0
2020-01-01T01:30:49.895000Z,5000751.455396161,0.32,159.0
2020-01-01T01:30:49.905000Z,4170836.0332176466,0.32,159.0
2020-01-01T01:30:49.915000Z,3630839.8459216724,0.32,159.0
2020-01-01T01:30:49.925000Z,3256712.3727822467,0.32,159.0
2020-01-01T01:30:49.935000Z,3063307.0198823726,0.32,162.0
2020-01-01T01:30:49.945000Z,3169684.18288829,0.32,162.0
2020-01-01T01:30:49.955000Z,3079243.1168731907,0.32,165.0
2020-01-01T01:30:49.965000Z,3258712.3501384337,0.32,165.0
2020-01-01T01:30:49.975000Z,3392498.6378326346,0.32,165.0
2020-01-01T01:30:49.985000Z,3127777.1547269155,0.32,165.0
2020-01-01T01:30:49.995000Z,2874234.484282434,0.36,165.0
2020-01-01T01:30:50.005000Z,2651775.611811956,0.36,165.0
2020-01-01T01:30:50.015000Z,1854145.509556201,0.36,165.0
2020-01-01T01:30:50.025000Z,1013324.3988244942,0.28,300.0
2020-01-01T01:30:50.035000Z,2257708.8160350556,0.36,294.0
2020-01-01T01:30:50.045000Z,3929143.339154954,0.36,294.0
2020-01-01T01:30:50.055000Z,4589317.903128474,0.36,291.0
2020-01-01T01:30:50.065000Z,4342591.61666776,0.36,291.0
2020-01-01T01:30:50.075000Z,4589325.660905918,0.36,291.0
2020-01-01T01:30:50.085000Z,4504783.01600428,0.36,291.0
2020-01-01T01:30:50.095000Z,4634054.876950563,0.36,291.0
2020-01-01T01:30:50.105000Z,4406608.812318947,0.36,291.0
2020-01-01T01:30:50.115000Z,5483538.884780539,0.36,291.0
2020-01-01T01:30:50.125000Z,5545433.735491598,0.08,147.0
2020-01-01T01:30:50.135000Z,6638812.050279046,0.08,150.0
2020-01-01T01:30:50.145000Z,6958341.022092809,0.08,153.0
2020-01-01T01:30:50.155000Z,6978972.834942094,0.08,153.0
2020-01-01T01:30:50.165000Z,6953567.740452396,0.08,150.0
2020-01-01T01:30:50.175000Z,7060240.517438586,0.36,294.0
2020-01-01T01:30:50.185000Z,6768982.912007177,0.36,294.0
2020-01-01T01:30:50.195000Z,6770271.681941561,0.36,294.0
2020-01-01T01:30:50.205000Z,6832106.987782651,0.32,294.0
2020-01-01T01:30:50.215000Z,6609186.718470635,0.08,162.0
2020-01-01T01:30:50.225000Z,6775316.92700728,0.08,165.0
2020-01-01T01:30:50.235000Z,6816602.379847864,0.08,156.0
2020-01-01T01:30:50.245000Z,7564021.686015503,0.08,150.0
2020-01-01T01:30:50.255000Z,7576193.066560524,0.08,144.0
2020-01-01T01:30:50.265000Z,7273177.454533447,0.08,138.0
2020-01-01T01:30:50.275000Z,6444248.020411495,0.12,141.0
2020-01-01T01:30:50.285000Z,6413291.595650549,0.12,138.0
2020-01-01T01:30:50.295000Z,6374790.430918951,0.08,135.0
2020-01-01T01:30:50.305000Z,6146646.954803317,0.08,135.0
2020-01-01T01:30:50.315000Z,2720154.5698882034,0.08,135.0
2020-01-01T01:30:50.325000Z,1646536.9845578424,0.08,135.0
2020-01-01T01:30:50.335000Z,1001224.3160648004,0.28,120.0
2020-01-01T01:30:50.345000Z,956309.1946716537,0.28,120.0
2020-01-01T01:30:50.355000Z,806482.5417881343,0.28,120.0
2020-01-01T01:30:50.365000Z,712321.2634163492,0.8,135.0
2020-01-01T01:30:50.375000Z,688520.2254699158,0.56,123.0
2020-01-01T01:30:50.385000Z,714560.760290576,0.56,123.0
2020-01-01T01:30:50.395000Z,577706.7806050383,0.56,123.0
2020-01-01T01:30:50.405000Z,607242.433430828,0.56,123.0
2020-01-01T01:30:50.415000Z,571998.5921208472,0.92,102.0
2020-01-01T01:30:50.425000Z,656718.0624865607,0.88,102.0
2020-01-01T01:30:50.435000Z,642712.821280763,0.24,237.0
2020-01-01T01:30:50.445000Z,604687.8294082889,0.2,228.0
2020-01-01T01:30:50.455000Z,579914.1875318013,0.24,231.0
2020-01-01T01:30:50.465000Z,543585.8256120333,0.2,225.0
2020-01-01T01:30:50.475000Z,490506.2607413921,0.92,126.0
2020-01-01T01:30:50.485000Z,581439.8214466596,0.76,207.0
2020-01-01T01:30:50.495000Z,656831.7249368513,0.12,72.0
2020-01-01T01:30:50.505000Z,727147.5440111156,0.12,69.0
2020-01-01T01:30:50.515000Z,714881.2581341049,0.12,66.0
2020-01-01T01:30:50.525000Z,778936.3955446357,0.12,69.0
2020-01-01T01:30:50.535000Z,735407.466332926,0.12,63.0
2020-01-01T01:30:50.545000Z,634006.9898508878,0.16,174.0
2020-01-01T01:30:50.555000Z,607729.0826278763,0.16,171.0
2020-01-01T01:30:50.565000Z,599462.711632653,0.44,30.0
2020-01-01T01:30:50.575000Z,755775.6500502623,0.8,42.0
2020-01-01T01:30:50.585000Z,620977.4285112807,1.0,129.0
2020-01-01T01:30:50.595000Z,667001.1101088935,0.16,201.0
2020-01-01T01:30:50.605000Z,1582041.431288862,0.2,141.0
2020-01-01T01:30:50.615000Z,3712081.3949367157,0.2,141.0
2020-01-01T01:30:50.625000Z,4090438.0744750714,0.2,141.0
2020-01-01T01:30:50.635000Z,4313343.774926745,0.2,144.0
2020-01-01T01:30:50.645000Z,4376159.365313356,0.2,144.0
2020-01-01T01:30:50.655000Z,4619497.733470028,0.24,144.0
2020-01-01T01:30:50.665000Z,4727610.295282206,0.24,144.0
2020-01-01T01:30:50.675000Z,4755139.64981903,0.24,141.0
2020-01-01T01:30:50.685000Z,4896818.613684706,0.2,144.0
2020-01-01T01:30:50.695000Z,5266662.134672084,0.2,144.0
2020-01-01T01:30:50.705000Z,5439122.276253955,0.24,141.0
2020-01-01T01:30:50.715000Z,5435986.786766359,0.24,141.0
2020-01-01T01:30:50.725000Z,4541346.347444502,0.24,141.0
2020-01-01T01:30:50.735000Z,4017956.9382472527,0.24,141.0
2020-01-01T01:30:50.745000Z,3585910.107926929,0.24,144.0
2020-01-01T01:30:50.755000Z,3436037.7740355623,0.24,144.0
2020-01-01T01:30:50.765000Z,3739252.73980634,0.2,147.0
2020-01-01T01:30:50.775000Z,13911793.355163312,0.28,222.0
2020-01-01T01:30:50.785000Z,22316541.246387742,0.28,219.0
2020-01-01T01:30:50.795000Z,24467019.328276478,0.28,222.0
